OLL Course,edX Subject 1,edX Subject 2,edX Subject 3,MITxO Primary Parent,MITxO Primary Child,MITxO Adopted Secondary Child ,OCW Pointer Page Topic 1,OCW Pointer Page Topic 2,Instructor 1,Instructor 2,Instructor 3,Instructor 4,Instructor 5,Instructor 6,,Level,Offered by,Language,readable_id,title,url,description,published,License CC,Duration,Student Effort,Course Image URL,Course Image URL Flat
18.031,,,,Science & Math,Mathematics,Algorithms and Data Structures,,,Philip Pearce,,,,,,,Undergraduate,OCW,English,OCW+18.031+2019_Spring,System Functions and the Laplace Transform,https://openlearninglibrary.mit.edu/courses/course-v1:OCW+18.031+2019_Spring/about,Scientists and engineers understand the world through differential equations. You can too.,YES,YES,13,6,https://openlearninglibrary.mit.edu/asset-v1:OCW+18.031+2019_Spring+type@asset+block@course_image.jpg,https://openlearninglibrary.mit.edu/asset-v1:OCW+18.031+2019_Spring+type@asset+block@course_image.jpg
18.05,,,,Science & Math,Mathematics,Data Science,,,Jeremy Orloff,Jennifer French Kamrin,,,,,,Undergraduate,OCW,English,MITx+18.05r_10+2022_Summer,Introduction to Probability and Statistics,https://openlearninglibrary.mit.edu/courses/course-v1:MITx+18.05r_10+2022_Summer/about,"This course provides an elementary introduction to probability and statistics with applications. Topics include basic combinatorics, random variables, probability distributions, Bayesian inference, hypothesis testing, confidence intervals, and linear regression.

These same course materials, including interactive components (online reading questions and problem checkers) are available on MIT's Open Learning Library, which is free to use. You have the option to enroll and track your progress, or you can view and use the materials without enrolling.",YES,YES,14,14,https://openlearninglibrary.mit.edu/asset-v1:MITx+18.05r_10+2022_Summer+type@asset+block@mit18_05_s22_chp.jpg,https://openlearninglibrary.mit.edu/asset-v1:MITx+18.05r_10+2022_Summer+type@asset+block@mit18_05_s22_chp.jpg
0.501x,Education & Teacher Training,,,Education & Teaching,Pedagogy and Curriculum,Digital Learning,,,Justin Reich,Elizabeth Huttner-Loan,Alyssa Napier,,,,,Graduate,MITx,English,MITx+0.501x+2T2019,Envisioning the Graduate of the Future,https://openlearninglibrary.mit.edu/courses/course-v1:MITx+0.501x+2T2019/about,Embark on a collaborative and exploratory design process to reflect on the purpose of secondary school. Create a shareable artifact that conveys what you and your community believe a secondary school graduate should know and be able to do.,YES,YES,4,4,https://openlearninglibrary.mit.edu/asset-v1:MITx+0.501x+2T2019+type@asset+block@course_image.jpg,https://openlearninglibrary.mit.edu/asset-v1:MITx+0.501x+2T2019+type@asset+block@course_image.jpg
0.502x,Education & Teacher Training,,,Education & Teaching,Educational Policy,Digital Learning,,,Justin Reich,Elizabeth Huttner-Loan,,,,,,Undergraduate,MITx,English,MITx+0.502x+1T2019,Competency-Based Education,https://openlearninglibrary.mit.edu/courses/course-v1:MITx+0.502x+1T2019/about,"An overview of competency-based education in schools, presenting ideas, inspiration, strategies, and challenges. ",YES,YES,6,,https://openlearninglibrary.mit.edu/asset-v1:MITx+0.502x+1T2019+type@asset+block@course_image.png,https://openlearninglibrary.mit.edu/asset-v1:MITx+0.502x+1T2019+type@asset+block@course_image.png
0.503x,Education & Teacher Training,,,Education & Teaching,Pedagogy and Curriculum,Digital Learning,,,Justin Reich,H. Richard Milner IV,,,,,,Undergraduate,MITx,English,MITx+0.503x+T2020,Becoming a More Equitable Educator,https://openlearninglibrary.mit.edu/courses/course-v1:MITx+0.503x+T2020/about,"Explore mindsets and practices that help all students, especially underserved students, to thrive and feel valued.",YES,YES,15,4,https://openlearninglibrary.mit.edu/asset-v1:MITx+0.503x+T2020+type@asset+block@course_image.jpg,https://openlearninglibrary.mit.edu/asset-v1:MITx+0.503x+T2020+type@asset+block@course_image.jpg
0.504x,Education & Teacher Training,,,Education & Teaching,Pedagogy and Curriculum,Digital Learning,,,Justin Reich,Sam Wineburg,,,,,,Undergraduate,MITx,English,MITx+0.504x+3T2020,Sorting Truth From Fiction: Civic Online Reasoning,https://openlearninglibrary.mit.edu/courses/course-v1:MITx+0.504x+3T2020/about,"Learn teaching practices that help students become savvy consumers of digital information.

Online misinformation is an urgent challenge faced by every country around the globe. Multiple studies have shined a light on people's difficulty in distinguishing truth from fiction, reliable information from sham. As we approach the November 2020 election, we can expect our screens to be flooded, even more so, with digital content that plays fast and loose with the truth.

With educators from around the world and faculty from MIT and Stanford University, you will learn quick and effective practices for evaluating information online that you can bring back to your classroom. These practices have been distilled from observations with professional fact-checkers from the nation's most prestigious media outlets from across the political spectrum. Through reading activities, classroom practice lessons and assignments, you will learn how to teach the skills needed for making thoughtful judgments about online content.

At the end of the course, you will have a better understanding of strategies to enhance your students' ability to evaluate information and to avoid common pitfalls of misinformation at a time when we need it most.",YES,,8.7,4,https://openlearninglibrary.mit.edu/asset-v1:MITx+0.504x+3T2020+type@asset+block@course_image.png,https://openlearninglibrary.mit.edu/asset-v1:MITx+0.504x+3T2020+type@asset+block@course_image.png
0.SolveX,Business & Management,,,Business & Management,Entrepreneurship,Digital Learning ,,,Anjali Sastry,,,,,,,Undergraduate,MITx,English,MITx+0.SolveX+2T2021,Business and Impact Planning for Social Enterprises,https://openlearninglibrary.mit.edu/courses/course-v1:MITx+0.SolveX+2T2021/about,"Are you a social entrepreneur? Learn how to describe and share your potential impact, theory of change, plans to scale with a global community. This course is run by Solve, an initiative of MIT that advances social entrepreneurs and early-stage startups solving the world?s most pressing challenges.",YES,,6.4,4,https://openlearninglibrary.mit.edu/asset-v1:MITx+0.SolveX+2T2021+type@asset+block@course_image.png,https://openlearninglibrary.mit.edu/asset-v1:MITx+0.SolveX+2T2021+type@asset+block@course_image.png
11.154x,Education & Teacher Training,,,Education & Teaching,Faculty Leadership,Educational Technology,,,Justin Reich,Peter Senge,,,,,,Graduate,MITx,English,MITx+11.154x+3T2018,Launching Innovation in Schools,https://openlearninglibrary.mit.edu/courses/course-v1:MITx+11.154x+3T2018/about,Become a change leader and take the first step towards launching initiatives to improve teaching and learning.,YES,,13,2,https://openlearninglibrary.mit.edu/asset-v1:MITx+11.154x+3T2018+type@asset+block@course_image.jpg,https://openlearninglibrary.mit.edu/asset-v1:MITx+11.154x+3T2018+type@asset+block@course_image.jpg
11.155x,Education & Teacher Training,,,Education & Teaching,Educational Policy,Systems Thinking,,,Justin Reich,Elizabeth Huttner-Loan,Alyssa Napier,,,,,Graduate,MITx,English,MITx+11.155x+1T2019,Design Thinking for Leading and Learning,https://openlearninglibrary.mit.edu/courses/course-v1:MITx+11.155x+1T2019/about,A hands-on course for education leaders to learn about design thinking and explore how it can transform classroom learning and school communities.,YES,,6,5,https://openlearninglibrary.mit.edu/asset-v1:MITx+11.155x+1T2019+type@asset+block@course_image.jpg,https://openlearninglibrary.mit.edu/asset-v1:MITx+11.155x+1T2019+type@asset+block@course_image.jpg
11.405x,Business & Management,,,Social Sciences,Economics,Urban Studies,,,J. Phillip Thompson,Katrin Kaeufer,Lily Steponaitis,Calvin Thompson,,,,Undergraduate,MITx,English,MITx+11.405x+2T2020,Just Money: Banking as if Society Mattered,https://openlearninglibrary.mit.edu/courses/course-v1:MITx+11.405x+2T2020/about,Learn how banks can use capital as a tool to promote social and environmental wellbeing.,YES,,25.3,3.5,https://openlearninglibrary.mit.edu/asset-v1:MITx+11.405x+2T2020+type@asset+block@course_image.jpg,https://openlearninglibrary.mit.edu/asset-v1:MITx+11.405x+2T2020+type@asset+block@course_image.jpg
11.550x,Engineering,,,Engineering ,Systems Engineering,Urban Studies,,,Chris Zegras,Robin Chase,"Natalia Barbour,",,,,,Undergraduate,MITx,English,MITx+11.550x+1T2021,Leveraging Urban Mobility Disruptions to Create Better Cities,https://openlearninglibrary.mit.edu/courses/course-v1:MITx+11.550x+1T2021/about,"This course aims to bridge the knowledge gap between academically oriented content, practice, and entrepreneurship and teach urban mobility through the lens of dynamic reality on-the-ground.",YES,,10.1,6,https://openlearninglibrary.mit.edu/asset-v1:MITx+11.550x+1T2021+type@asset+block@course_image.jpg,https://openlearninglibrary.mit.edu/asset-v1:MITx+11.550x+1T2021+type@asset+block@course_image.jpg
12.340x,Energy & Earth Sciences,,,Science & Math,Earth Science,Climate Science ,,,Kerry Emanuel,Dan Cziczo,David McGee,,,,,Undergraduate,MITx,English,MITx+12.340x+1T2020,Global Warming Science,https://openlearninglibrary.mit.edu/courses/course-v1:MITx+12.340x+1T2020/about,"Learn about the physics, chemistry, biology, and geology of the earth's climate system.",YES,,13.3,10,https://openlearninglibrary.mit.edu/asset-v1:MITx+12.340x+1T2020+type@asset+block@course_image.jpg,https://openlearninglibrary.mit.edu/asset-v1:MITx+12.340x+1T2020+type@asset+block@course_image.jpg
15.053x,Math,,,Science & Math,Mathematics,Operations,,,James Orlin,Khizar Qureshi,,,,,,Undergraduate,MITx,English,MITx+15.053x+3T2016,Optimization Methods in Business Analytics,https://openlearninglibrary.mit.edu/courses/course-v1:MITx+15.053x+3T2016/about,Learn how to use optimization methodologies and modeling approaches to effectively analyze data.,YES,,6.4,10,https://openlearninglibrary.mit.edu/asset-v1:MITx+15.053x+3T2016+type@asset+block@15.053xCourseImage_copy.png,https://openlearninglibrary.mit.edu/asset-v1:MITx+15.053x+3T2016+type@asset+block@15.053xCourseImage_copy.png
15.480x,Biology & Life Sciences,Business & Management,Economics & Finance,Science & Math,Biology,Finance & Accounting,,,Andrew W. Lo,Harvey F. Lodish,Zied Ben Chaouch,,,,,Undergraduate,MITx,English,MITx+15.480x+3T2021,The Science and Business of Biotechnology,https://openlearninglibrary.mit.edu/courses/course-v1:MITx+15.480x+3T2021/about,"This course focuses on early-stage biotechnology companies, with particular emphasis on understanding the underlying science, technology, and disease targets'together with the application of novel business structures and financing methods'to facilitate drug discovery, clinical development, and greater patient access to new but potentially high-cost therapies.",YES,,50.1,6,https://openlearninglibrary.mit.edu/asset-v1:MITx+15.480x+3T2021+type@asset+block@course_image.jpg,https://openlearninglibrary.mit.edu/asset-v1:MITx+15.480x+3T2021+type@asset+block@course_image.jpg
15.481x,Economics & Finance,Health & Safety,,Business & Management,Organizations & Leadership,Finance & Accounting,,,Andrew W. Lo,Zied Ben Chaouch,,,,,,Graduate,MITx,English,MITx+15.481x+1T2021,Adaptive Markets: Financial Market Dynamics and Human Behavior,https://openlearninglibrary.mit.edu/courses/course-v1:MITx+15.481x+1T2021/about,"A completely new way of thinking about financial markets, institutions, and innovation that reconciles human behavior with market efficiency using concepts from evolutionary biology, cognitive neuroscience, and artificial intelligence.",YES,,52.3,8,https://openlearninglibrary.mit.edu/asset-v1:MITx+15.481x+1T2021+type@asset+block@course_image.png,https://openlearninglibrary.mit.edu/asset-v1:MITx+15.481x+1T2021+type@asset+block@course_image.png
15.482x,Biology & Life Sciences,Business & Management,Economics & Finance,Science & Math,Biology,Finance & Accounting,,,Andrew W. Lo,Shomesh Chaudhuri,Zied Ben Chaouch,,,,,Undergraduate,MITx,English,MITx+15.482x+1T2019,Healthcare Finance,https://openlearninglibrary.mit.edu/courses/course-v1:MITx+15.482x+1T2019/about,"This course covers the role of finance in the healthcare industry, with particular emphasis on the application of novel financing methods to facilitate drug discovery, clinical development, and greater patient access to high-cost therapies.",YES,,13,6,https://openlearninglibrary.mit.edu/asset-v1:MITx+15.482x+1T2019+type@asset+block@course_image.jpg,https://openlearninglibrary.mit.edu/asset-v1:MITx+15.482x+1T2019+type@asset+block@course_image.jpg
16.00x,Engineering,,,Engineering ,Aerospace Engineering,"Mechanical Engineering
",,,Jeffrey Hoffman,,,,,,,Undergraduate,MITx,English,MITx+16.00x+2T2019,Introduction to Aerospace Engineering: Astronautics and Human Spaceflight,https://openlearninglibrary.mit.edu/courses/course-v1:MITx+16.00x+2T2019/about,"Spaceflight is exciting, and you don?t have to be a ?Rocket Scientist? to share in the excitement! 16.00x makes the basics of spaceflight accessible to everyone.",YES,,8,3,https://openlearninglibrary.mit.edu/asset-v1:MITx+16.00x+2T2019+type@asset+block@course_image.jpg,https://openlearninglibrary.mit.edu/asset-v1:MITx+16.00x+2T2019+type@asset+block@course_image.jpg
16.885x,Engineering,,,Engineering ,Aerospace Engineering,Systems Engineering,,,Jeffrey Hoffman,Aaron Cohen,,,,,,Graduate,MITx,English,MITx+16.885x+3T2019,Engineering the Space Shuttle,https://openlearninglibrary.mit.edu/courses/course-v1:MITx+16.885x+3T2019/about,"This is a course about the Space Shuttle and about Systems Engineering, taught by the people who designed, built and operated the Shuttle, the world?s first reusable spacecraft, which for 30 years enabled human space flight in the United States.",YES,,12,5,https://openlearninglibrary.mit.edu/asset-v1:MITx+16.885x+3T2019+type@asset+block@course_image.jpg,https://openlearninglibrary.mit.edu/asset-v1:MITx+16.885x+3T2019+type@asset+block@course_image.jpg
18.01.1x,Math,,,Science & Math,Mathematics,Algorithms and Data Structures,,,David Jerison,Gigliola Staffilani,Jennifer French Kamrin,Stephen Wang,,,,High School,MITx,English,MITx+18.01.1x+2T2019,Calculus 1A: Differentiation,https://openlearninglibrary.mit.edu/courses/course-v1:MITx+18.01.1x+2T2019/about,"Discover the derivative---what it is, how to compute it, and when to apply it in solving real world problems. Part 1 of 3.",YES,,12,8,https://openlearninglibrary.mit.edu/asset-v1:MITx+18.01.1x+2T2019+type@asset+block@course_image.jpg,https://openlearninglibrary.mit.edu/asset-v1:MITx+18.01.1x+2T2019+type@asset+block@course_image.jpg
18.01.2x,Math,,,Science & Math,Mathematics,Algorithms and Data Structures,,,David Jerison,Gigliola Staffilani,Jennifer French Kamrin,Karene Chu,,,,High School,MITx,English,MITx+18.01.2x+3T2019,Calculus 1B: Integration,https://openlearninglibrary.mit.edu/courses/course-v1:MITx+18.01.2x+3T2019/about,Discover the integral - what it is and how to compute it. See how to use calculus to model real world phenomena. Part 2 of 3.,YES,,16,8,https://openlearninglibrary.mit.edu/asset-v1:MITx+18.01.2x+3T2019+type@asset+block@course_image.jpg,https://openlearninglibrary.mit.edu/asset-v1:MITx+18.01.2x+3T2019+type@asset+block@course_image.jpg
18.01.3x,Math,,,Science & Math,Mathematics,Algorithms and Data Structures,,,David Jerison,Gigliola Staffilani,Jennifer French Kamrin,Karene Chu,,,,Undergraduate,MITx,English,MITx+18.01.3x+1T2020,Calculus 1C: Coordinate Systems & Infinite Series,https://openlearninglibrary.mit.edu/courses/course-v1:MITx+18.01.3x+1T2020/about,Master the calculus of curves and coordinate systems; approximate functions with polynomials and infinite series. Part 3 of 3.,YES,,13,8,https://openlearninglibrary.mit.edu/asset-v1:MITx+18.01.3x+1T2020+type@asset+block@course_image.jpg,https://openlearninglibrary.mit.edu/asset-v1:MITx+18.01.3x+1T2020+type@asset+block@course_image.jpg
18.06SC,,,,Science & Math,Mathematics,Algorithms and Data Structures ,Science & Math,Mathematics,Gilbert Strang,,,,,,,Undergraduate,OCW,English,OCW+18.06SC+2T2019,Linear Algebra,https://openlearninglibrary.mit.edu/courses/course-v1:OCW+18.06SC+2T2019/about,"This course covers matrix theory and linear algebra, emphasizing topics useful in other disciplines such as physics, economics and social sciences, natural sciences, and engineering. It parallels the combination of theory and applications in Professor Strang's textbook Introduction to Linear Algebra.",YES,YES,13,,https://openlearninglibrary.mit.edu/asset-v1:OCW+18.06SC+2T2019+type@asset+block@LinearAlgebra18.06.jpg,https://openlearninglibrary.mit.edu/asset-v1:OCW+18.06SC+2T2019+type@asset+block@LinearAlgebra18.06.jpg
22.011x,Energy & Earth Sciences,Engineering,Science,Science & Math,Earth Science,Nuclear Engineering,,,Jacopo Buongiorno,Anne White,Michael Short,John Parsons,,,,Undergraduate,MITx,English,MITx+22.011x+3T2018,"Nuclear Energy: Science, Systems and Society",https://openlearninglibrary.mit.edu/courses/course-v1:MITx+22.011x+3T2018/about,"Learn how a nuclear reactor works, what the future of nuclear fusion looks like, and the numerous useful applications of nuclear radiation in four easy-to-follow modules, complemented with a chance to explore background radiation in your backyard.",YES,,9,10,https://openlearninglibrary.mit.edu/asset-v1:MITx+22.011x+3T2018+type@asset+block@course_image.jpg,https://openlearninglibrary.mit.edu/asset-v1:MITx+22.011x+3T2018+type@asset+block@course_image.jpg
24.02x,Philosophy & Ethics,,,Humanities,Philosophy,Cognitive Science,,,Caspar Hare,Tamar Schapiro,Kieran Setiya,Cosmo Grant,David Balcarras,,,High School,MITx,English,MITx+24.02x+2T2020,Introduction to Ethics: Moral Problems and the Good Life,https://openlearninglibrary.mit.edu/courses/course-v1:MITx+24.02x+2T2020/about,"This course has two goals. The first goal is to introduce you to key questions in ethics.

• What makes your life go better or worse for you?
• Can ethics be objective?
• What are the main historical approaches in ethics?
• What do you owe to others

The second goal is to get you thinking rigorously about ethical questions yourself. This will help you develop your critical reasoning and argumentative skills more generally.",YES,,11.3,7,https://openlearninglibrary.mit.edu/asset-v1:MITx+24.02x+2T2020+type@asset+block@course_image.jpg,https://openlearninglibrary.mit.edu/asset-v1:MITx+24.02x+2T2020+type@asset+block@course_image.jpg
24.09x,Philosophy & Ethics,,,Humanities,Philosophy,Cognitive Science,,,Alex Byrne,Cosmo Grant,,,,,,Undergraduate,MITx,English,MITx+24.09x+3T2019,Minds and Machines,https://openlearninglibrary.mit.edu/courses/course-v1:MITx+24.09x+3T2019/about,"An introduction to philosophy of mind, exploring consciousness, reality, AI, and more. The most in-depth philosophy course available online.",YES,,12.6,4,https://openlearninglibrary.mit.edu/asset-v1:MITx+24.09x+3T2019+type@asset+block@course_image.jpg,https://openlearninglibrary.mit.edu/asset-v1:MITx+24.09x+3T2019+type@asset+block@course_image.jpg
24.118x,Philosophy & Ethics,,,Humanities,Philosophy,Cognitive Science,,,Agustín Rayo,David Balcarras,Cosmo Grant,,,,,Undergraduate,MITx,English,MITx+24.118x+2T2020,Paradox and Infinity,https://openlearninglibrary.mit.edu/courses/course-v1:MITx+24.118x+2T2020/about,This is a class about awe-inspiring issues at the intersection between philosophy and mathematics.,YES,,11.1,5,https://openlearninglibrary.mit.edu/asset-v1:MITx+24.118x+2T2020+type@asset+block@course_image.png,https://openlearninglibrary.mit.edu/asset-v1:MITx+24.118x+2T2020+type@asset+block@course_image.png
3.012S.1x,Chemistry,Engineering,Science,Science & Math,Chemistry,Materials Science and Engineering,,,Silvija Gradečak,,,,,,,Undergraduate,MITx,English,MITx+3.012S.1x+1T2019,"Structure of Materials, Part 1: Fundamentals of Materials Structure",https://openlearninglibrary.mit.edu/courses/course-v1:MITx+3.012S.1x+1T2019/about,"Discover the structure of the materials that make up our modern world and learn how this underlying structure influences the properties, performance and applications of these materials.",YES,,6,7,https://openlearninglibrary.mit.edu/asset-v1:MITx+3.012S.1x+1T2019+type@asset+block@course_image.jpg,https://openlearninglibrary.mit.edu/asset-v1:MITx+3.012S.1x+1T2019+type@asset+block@course_image.jpg
3.012S.2x,Chemistry,Engineering,Science,Science & Math,Chemistry,Materials Science and Engineering,,,Silvija Gradečak,,,,,,,Undergraduate,MITx,English,MITx+3.012S.2x+1T2019,"Structure of Materials, Part 2: The Crystalline State",https://openlearninglibrary.mit.edu/courses/course-v1:MITx+3.012S.2x+1T2019/about,Discover the structure of the materials that make up our modern world and learn how this underlying structure influences the properties and performance of these materials.,YES,,5,9,https://openlearninglibrary.mit.edu/asset-v1:MITx+3.012S.2x+1T2019+type@asset+block@course_image.jpg,https://openlearninglibrary.mit.edu/asset-v1:MITx+3.012S.2x+1T2019+type@asset+block@course_image.jpg
3.012S.3x,Chemistry,Engineering,Science,Science & Math,Chemistry,Materials Science and Engineering,,,Silvija Gradečak,,,,,,,Undergraduate,MITx,English,MITx+3.012S.3x+1T2019,"Structure of Materials, Part 3: Liquid Crystals, Defects, and Diffusion",https://openlearninglibrary.mit.edu/courses/course-v1:MITx+3.012S.3x+1T2019/about,Discover the structure of the materials that make up our modern world and learn how this underlying structure influences the properties and performance of these materials.,YES,,6,7,https://openlearninglibrary.mit.edu/asset-v1:MITx+3.012S.3x+1T2019+type@asset+block@course_image.jpg,https://openlearninglibrary.mit.edu/asset-v1:MITx+3.012S.3x+1T2019+type@asset+block@course_image.jpg
3.15.1x,Engineering,,,Engineering,Materials Science and Engineering,Electrical Engineering,,,Caroline Ross,,,,,,,Undergraduate,MITx,English,MITX+3.15.1x+2T2017,Electronic Materials and Devices,https://openlearninglibrary.mit.edu/courses/course-v1:MITX+3.15.1x+2T2017/about,"Learn how magnetic devices, such as hard drives and magneto-optical disks, are designed to exploit the magnetic properties of materials.",YES,,5,10,https://openlearninglibrary.mit.edu/asset-v1:MITx+3.15.2x+2T2017+type@asset+block@315Thumbnail.png,https://openlearninglibrary.mit.edu/asset-v1:MITx+3.15.2x+2T2017+type@asset+block@315Thumbnail.png
3.15.2x,Engineering,,,Engineering,Materials Science and Engineering,Electrical Engineering,,,Caroline Ross,,,,,,,Undergraduate,MITx,English,MITx+3.15.2x+2T2017,Optical Materials and Devices,https://openlearninglibrary.mit.edu/courses/course-v1:MITx+3.15.2x+2T2017/about,"Learn about the optical properties of materials, including how LEDs, lasers, and solar cell devices are designed.",YES,,6,10,https://openlearninglibrary.mit.edu/asset-v1:MITx+3.15.2x+2T2017+type@asset+block@315Thumbnail.png,https://openlearninglibrary.mit.edu/asset-v1:MITx+3.15.2x+2T2017+type@asset+block@315Thumbnail.png
3.15.3x,Engineering,,,Engineering,Materials Science and Engineering,Electrical Engineering,,,Caroline Ross,,,,,,,Undergraduate,MITx,English,MITx+3.15.3x+2T2017,Magnetic Materials and Devices,https://openlearninglibrary.mit.edu/courses/course-v1:MITx+3.15.3x+2T2017/about,"Learn how electronic devices, such as diodes and transistors, are designed to exploit the electrical properties of materials.",YES,,5,10,https://openlearninglibrary.mit.edu/asset-v1:MITx+3.15.3x+2T2017+type@asset+block@315Thumbnail.png,https://openlearninglibrary.mit.edu/asset-v1:MITx+3.15.3x+2T2017+type@asset+block@315Thumbnail.png
6.005.1x,Computer Science,,,"Data Science, Analytics & Computer Technology",Software Design and Engineering,Programming & Coding,,,Rob Miller,,,,,,,Undergraduate,MITx,English,MITx+6.005.1x+3T2016,Software Construction in Java,https://openlearninglibrary.mit.edu/courses/course-v1:MITx+6.005.1x+3T2016/about,"Learn how to write programs that are safe from bugs, easy to understand, and ready for change.",YES,YES,12,15,https://openlearninglibrary.mit.edu/asset-v1:MITx+6.005.1x+3T2016+type@asset+block@course_image.jpg,https://openlearninglibrary.mit.edu/asset-v1:MITx+6.005.1x+3T2016+type@asset+block@course_image.jpg
6.005.2x,Computer Science,,,"Data Science, Analytics & Computer Technology",Software Design and Engineering,Programming & Coding,,,Rob Miller,,,,,,,Undergraduate,MITx,English,MITx+6.005.2x+1T2017,Advanced Software Construction in Java,https://openlearninglibrary.mit.edu/courses/course-v1:MITx+6.005.2x+1T2017/about,"Learn how to write programs that are safe from bugs, easy to understand, and ready for change.",YES,YES,10,15,https://openlearninglibrary.mit.edu/asset-v1:MITx+6.005.2x+1T2017+type@asset+block@course_image.jpg,https://openlearninglibrary.mit.edu/asset-v1:MITx+6.005.2x+1T2017+type@asset+block@course_image.jpg
6.036x,Computer Science,,,"Data Science, Analytics & Computer Technology",Machine Learning,Algorithms and Data Structures ,,,Leslie Kaelbling,Tomás Lozano-Pérez,Isaac Chuang,Duane Boning,,,,Undergraduate,MITx,English,MITx+6.036+1T2019,Introduction to Machine Learning,https://openlearninglibrary.mit.edu/courses/course-v1:MITx+6.036+1T2019/about,"Machine learning methods are commonly used across engineering and sciences, from computer systems to physics. Moreover, commercial sites such as search engines, recommender systems (e.g., Netflix, Amazon), advertisers, and financial institutions employ machine learning algorithms for content recommendation, predicting customer behavior, compliance, or risk. As a discipline, machine learning tries to design and understand computer programs that learn from experience for the purpose of prediction or control. In this course, you will learn about principles and algorithms for turning training data into effective automated predictions. We will cover concepts such as representation, over-fitting, regularization, and generalization; topics such as clustering, classification, recommender problems, probabilistic modeling, reinforcement learning; and methods such as on-line algorithms, support vector machines, neural networks/deep learning, hidden Markov models, and Bayesian networks.",YES,,6,11,https://openlearninglibrary.mit.edu/asset-v1:MITx+6.036+1T2019+type@asset+block@course_image.jpg,https://openlearninglibrary.mit.edu/asset-v1:MITx+6.036+1T2019+type@asset+block@course_image.jpg
6.042J,,,,"Data Science, Analytics & Computer Technology",Computer Science,Mathematics,"Data Science, Analytics & Computer Technology",Computer,Albert Meyer,Adam Chlipala,,,,,,Undergraduate,OCW,English,OCW+6.042J+2T2019,Mathematics for Computer Science,https://openlearninglibrary.mit.edu/courses/course-v1:OCW+6.042J+2T2019/about,"This course covers elementary discrete mathematics for computer science and engineering. It emphasizes mathematical definitions and proofs as well as applicable methods. Topics include formal logic notation, proof methods; induction, well-ordering; sets, relations; elementary graph theory; integer congruences; asymptotic notation and growth of functions; permutations and combinations, counting principles; discrete probability. Further selected topics may also be covered, such as recursive definition and structural induction; state machines and invariants; recurrences; generating functions.",YES,YES,9,,https://openlearninglibrary.mit.edu/asset-v1:OCW+6.042J+2T2019+type@asset+block@6.042J_image.jpg,https://openlearninglibrary.mit.edu/asset-v1:OCW+6.042J+2T2019+type@asset+block@6.042J_image.jpg
7.InTr_1,,,,Education & Teaching,Pedagogy and Curriculum,Educational Technology,Education & Teaching,Pedagogy and Curriculum,,,,,,,,Undergraduate,OCW,English,MITx+7.InT+2021_Fall,Inclusive Teaching Module,https://openlearninglibrary.mit.edu/courses/course-v1:MITx+7.InT+2021_Fall/about,"Welcome to the Inclusive Teaching Module! We are so glad you are joining us. The Inclusive Teaching Module is both a standalone online resource for those looking to explore materials related to inclusive teaching as well as an integral part of a blended workshop available to use at your own institution. If you are looking to facilitate a blended workshop using this material, please navigate to the Facilitation Guide and Appendix section from the course outline to get started!",YES,YES,2,,https://openlearninglibrary.mit.edu/asset-v1:MITx+7.InT+2021_Fall+type@asset+block@7.InT_course_image-03.png,https://openlearninglibrary.mit.edu/asset-v1:MITx+7.InT+2021_Fall+type@asset+block@7.InT_course_image-03.png
8.01.1x,Physics,Science,,Science & Math,Physics,Machine Learning,,,Peter Dourmashkin,Deepto Charkrabarty,Michelle Tomasik,Analia Barrantes,George Stephans,Anna Frebel,,Undergraduate,MITx,English,MITx+8.01.1x+3T2018,Mechanics: Kinematics and Dynamics,https://openlearninglibrary.mit.edu/courses/course-v1:MITx+8.01.1x+3T2018/about,Learn about kinematics and dynamics in this calculus-based physics course.,YES,,6,11,https://openlearninglibrary.mit.edu/asset-v1:MITx+8.01.1x+3T2018+type@asset+block@course_image.jpg,https://openlearninglibrary.mit.edu/asset-v1:MITx+8.01.1x+3T2018+type@asset+block@course_image.jpg
8.01.2x,Physics,Science,,Science & Math,Physics,Machine Learning,,,Peter Dourmashkin,Deepto Charkrabarty,Michelle Tomasik,Analia Barrantes,George Stephans,Anna Frebel,,Undergraduate,MITx,English,MITx+8.01.2x+3T2018,Mechanics: Momentum and Energy,https://openlearninglibrary.mit.edu/courses/course-v1:MITx+8.01.2x+3T2018/about,Learn about momentum and energy in this calculus-based physics course.,YES,,9,11,https://openlearninglibrary.mit.edu/asset-v1:MITx+8.01.2x+3T2018+type@asset+block@course_image.jpg,https://openlearninglibrary.mit.edu/asset-v1:MITx+8.01.2x+3T2018+type@asset+block@course_image.jpg
8.01.3x,Physics,Science,,Science & Math,Physics,Machine Learning,,,Peter Dourmashkin,Deepto Charkrabarty,Michelle Tomasik,Analia Barrantes,George Stephans,Anna Frebel,,Undergraduate,MITx,English,MITx+8.01.3x+1T2019,Mechanics: Rotational Dynamics,https://openlearninglibrary.mit.edu/courses/course-v1:MITx+8.01.3x+1T2019/about,"Learn about rotational dynamics, rigid bodies and moment of inertia in this calculus-based physics course.",YES,,6,11,https://openlearninglibrary.mit.edu/asset-v1:MITx+8.01.3x+1T2019+type@asset+block@course_image.jpg,https://openlearninglibrary.mit.edu/asset-v1:MITx+8.01.3x+1T2019+type@asset+block@course_image.jpg
8.01.4x,Physics,Science,,Science & Math,Physics,Machine Learning,,,Peter Dourmashkin,Deepto Charkrabarty,Michelle Tomasik,Analia Barrantes,Aidan MacDonagh,,,Undergraduate,MITx,English,MITx+8.01.4x+1T2019,Mechanics: Simple Harmonic Motion,https://openlearninglibrary.mit.edu/courses/course-v1:MITx+8.01.4x+1T2019/about,Learn how to solve and understand simple harmonic motion in this calculus-based physics class.,YES,,4,11,https://openlearninglibrary.mit.edu/asset-v1:MITx+8.01.4x+1T2019+type@asset+block@course_image.jpg,https://openlearninglibrary.mit.edu/asset-v1:MITx+8.01.4x+1T2019+type@asset+block@course_image.jpg
8.02.1x,Physics,Science,,Science & Math,Physics,Machine Learning,,,Peter Dourmashkin,Deepto Charkrabarty,Michelle Tomasik,Robert Redwine,Krishna Rajagopal,Kerstin Perez,,Undergraduate,MITx,English,MITx+8.02.1x+1T2019,Electricity and Magnetism: Electrostatics,https://openlearninglibrary.mit.edu/courses/course-v1:MITx+8.02.1x+1T2019/about,Learn how charges create and move in magnetic fields and how to analyze simple DC circuits in this introductory-level physics course.,YES,,7.1,12,https://openlearninglibrary.mit.edu/asset-v1:MITx+8.02.1x+1T2019+type@asset+block@course_image.jpg,https://openlearninglibrary.mit.edu/asset-v1:MITx+8.02.1x+1T2019+type@asset+block@course_image.jpg
8.02.2x,Physics,Science,,Science & Math,Physics,Machine Learning,,,Peter Dourmashkin,Krishna Rajagopal,Kerstin Perez,Analia Barrantes,Michelle Tomasik,Robert Redwin,,Undergraduate,MITx,English,MITx+8.02.2x+2T2018,Electricity and Magnetism: Magnetic Fields and Forces,https://openlearninglibrary.mit.edu/courses/course-v1:MITx+8.02.2x+2T2018/about,Learn how charges interact with each other and create electric fields and electric potential landscapes in this introductory-level physics course.,YES,,6,12,https://openlearninglibrary.mit.edu/asset-v1:MITx+8.02.2x+2T2018+type@asset+block@course_image.jpg,https://openlearninglibrary.mit.edu/asset-v1:MITx+8.02.2x+2T2018+type@asset+block@course_image.jpg
8.02.3x,Physics,Science,,Science & Math,Physics,Machine Learning,,,Peter Dourmashkin,Krishna Rajagopal,Kerstin Perez,Analia Barrantes,Michelle Tomasik,Robert Redwin,,Undergraduate,MITx,English,MITx+8.02.3x+1T2019,Electricity and Magnetism: Maxwell’s Equations,https://openlearninglibrary.mit.edu/courses/course-v1:MITx+8.02.3x+1T2019/about,"In this final part of 8.02, we will cover Faraday's Law, Circuits with Inductors, Maxwell's equations, and electromagnetic radiation. This introductory Electromagnetism physics course will require the use of calculus.",YES,,7,12,https://openlearninglibrary.mit.edu/asset-v1:MITx+8.02.3x+1T2019+type@asset+block@course_image.jpg,https://openlearninglibrary.mit.edu/asset-v1:MITx+8.02.3x+1T2019+type@asset+block@course_image.jpg
8.03x,Physics,Science,,Science & Math,Physics,Machine Learning,,,Yen-Jie Lee,Alex Shvonski,Michelle Tomasik,,,,,Undergraduate,MITx,English,MITx+8.03x+1T2020,Vibrations and WavesInstructors Yen-Jie LeeAlex ShvonskiMichelle Tomasik,https://openlearninglibrary.mit.edu/courses/course-v1:MITx+8.03x+1T2020/about,"Vibrations and Waves appear in many parts of physics, ranging from simple mechanical systems, to the light that we see, and even to the quantum realm.  In this course we develop a fundamental grounding in this important topic, beginning with oscillations of simple systems of discrete masses, continuing with waves in continuous systems (like air and water), and exploring the wave behavior of light. We end with the uncertainty principle and the wave equation of quantum mechanics.",YES,,18,14,https://openlearninglibrary.mit.edu/asset-v1:MITx+8.03x+1T2020+type@asset+block@course_image.jpg,https://openlearninglibrary.mit.edu/asset-v1:MITx+8.03x+1T2020+type@asset+block@course_image.jpg
8.370.1x,Computer Science,,,"Data Science, Analytics & Computer Technology",Computer Science,Mathematics,,,Isaac Chuang,Peter Shor,,,,,,Graduate,MITx,English,MITx+8.370.1x+1T2018,"Quantum Information Science I, Part 1",https://openlearninglibrary.mit.edu/courses/course-v1:MITx+8.370.1x+1T2018/about,"Want to learn about quantum bits, quantum logic gates, quantum algorithms, and quantum communications, and know some linear algebra but haven't yet learned much about quantum mechanics? This is the course for you!",YES,,4.6,12,https://openlearninglibrary.mit.edu/asset-v1:MITx+8.370.1x+1T2018+type@asset+block@course_image.jpg,https://openlearninglibrary.mit.edu/asset-v1:MITx+8.370.1x+1T2018+type@asset+block@course_image.jpg
8.370.2x,Physics,,,Science & Math,Physics,Mathematics,,,Isaac Chuang,Peter Shor,,,,,,Graduate,MITx,English,MITx+8.370.2x+1T2018,"Quantum Information Science I, Part 2",https://openlearninglibrary.mit.edu/courses/course-v1:MITx+8.370.2x+1T2018/about,Have you already taken a foundational introduction to quantum computing course and want to continue with simple quantum protocols and quantum algorithms? This is the course for you!,YES,,4.6,10,https://openlearninglibrary.mit.edu/asset-v1:MITx+8.370.2x+1T2018+type@asset+block@course_image.jpg,https://openlearninglibrary.mit.edu/asset-v1:MITx+8.370.2x+1T2018+type@asset+block@course_image.jpg
8.370.3x,Computer Science,,,"Data Science, Analytics & Computer Technology",Computer Science,Mathematics,,,Isaac Chuang,Peter Shor,,,,,,Graduate,MITx,English,MITx+8.370.3x+1T2018,"Quantum Information Science I, Part 3",https://openlearninglibrary.mit.edu/courses/course-v1:MITx+8.370.3x+1T2018/about,"Want to learn about the foundations of quantum communication, including quantum channels and quantum key distribution?  This is the course for you!",YES,,4.6,10,https://openlearninglibrary.mit.edu/asset-v1:MITx+8.370.3x+1T2018+type@asset+block@course_image.jpg,https://openlearninglibrary.mit.edu/asset-v1:MITx+8.370.3x+1T2018+type@asset+block@course_image.jpg
8.371.1x,Physics,,,Science & Math,Physics,Mathematics,,,Isaac Chuang,Aram Harrow,,,,,,Graduate,MITx,English,MITx+8.371.1x+2T2018,"Quantum Information Science II, Part 1",https://openlearninglibrary.mit.edu/courses/course-v1:MITx+8.371.1x+2T2018/about,"Already know something about quantum mechanics, quantum bits and quantum logic gates, but want to design new quantum algorithms, and explore multi-party quantum protocols? This is the course for you!",YES,,3.6,12,https://openlearninglibrary.mit.edu/asset-v1:MITx+8.371.1x+2T2018+type@asset+block@course_image.jpg,https://openlearninglibrary.mit.edu/asset-v1:MITx+8.371.1x+2T2018+type@asset+block@course_image.jpg
8.371.2x,Physics,,,Science & Math,Physics,Mathematics,,,Isaac Chuang,Aram Harrow,,,,,,Graduate,MITx,English,MITx+8.371.2x+2T2018,"Quantum Information Science II, Part 2",https://openlearninglibrary.mit.edu/courses/course-v1:MITx+8.371.2x+2T2018/about,"Interested in how quantum computing at scale may be achieved, and already know something about quantum circuits and quantum error correction? This is the course for you!",YES,,3.6,12,https://openlearninglibrary.mit.edu/asset-v1:MITx+8.371.2x+2T2018+type@asset+block@course_image.jpg,https://openlearninglibrary.mit.edu/asset-v1:MITx+8.371.2x+2T2018+type@asset+block@course_image.jpg
8.371.3x,Physics,,,Science & Math,Physics,Mathematics,,,Isaac Chuang,Aram Harrow,,,,,,Graduate,MITx,English,MITx+8.371.3x+2T2018,"Quantum Information Science II, Part 3",https://openlearninglibrary.mit.edu/courses/course-v1:MITx+8.371.3x+2T2018/about,Learn how quantum algorithms and communication protocols apply in complex and advanced scenarios.,YES,,3.6,12,https://openlearninglibrary.mit.edu/asset-v1:MITx+8.371.3x+2T2018+type@asset+block@course_image.jpg,https://openlearninglibrary.mit.edu/asset-v1:MITx+8.371.3x+2T2018+type@asset+block@course_image.jpg
CITE 101x,Social Sciences,,,Social Sciences,Economics,Pedagogy and Curriculum,,,Jarrod Goentzel,Daniel Frey,Bishwapriya Sanyal,Jennifer Green,,,,Undergraduate,MITx,English,MITx+CITE101x+2T2017,Technology Evaluation for Global Development,https://openlearninglibrary.mit.edu/courses/course-v1:MITx+CITE101x+2T2017/about,"Learn how to evaluate technologies within a global development context from the perspective of suitability, scalability and sustainability.",YES,,8.6,3,https://openlearninglibrary.mit.edu/asset-v1:MITx+CITE101x+2T2017+type@asset+block@CITE101x_SP17_dashboard.jpg,https://openlearninglibrary.mit.edu/asset-v1:MITx+CITE101x+2T2017+type@asset+block@CITE101x_SP17_dashboard.jpg
EC.745x,Social Sciences,,,Social Sciences,Economics,Pedagogy and Curriculum,,,Elizabeth Hoffecker,Zoe Dibb,,,,,,Undergraduate,MITx,English,MITx+EC.745X+1T2019,Lean Research Skills for Conducting Interviewing,https://openlearninglibrary.mit.edu/courses/course-v1:MITx+EC.745X+1T2019/about,Learn to gather information from people using interviewing techniques that are effective and respectful. ,YES,,8,3,https://openlearninglibrary.mit.edu/asset-v1:MITx+EC.745X+1T2019+type@asset+block@course_image.jpg,https://openlearninglibrary.mit.edu/asset-v1:MITx+EC.745X+1T2019+type@asset+block@course_image.jpg
HST.936x,Computer Science,,,"Data Science, Analytics & Computer Technology",Computer Science,Health Care Management ,,,Leo Anthony Celi,Kenneth Eugene Paik,Alon Dagan,Rodrigo Deliberato,,,,Undergraduate,MITx,English,MITx+HST.936x+1T2019,Global Health Informatics to Improve Quality of Care,https://openlearninglibrary.mit.edu/courses/course-v1:MITx+HST.936x+1T2019/about,Learn how to design health information and communication technology (ICT) solutions for the developing world.,YES,,13,3,https://openlearninglibrary.mit.edu/asset-v1:MITx+HST.936x+1T2019+type@asset+block@course_image.png,https://openlearninglibrary.mit.edu/asset-v1:MITx+HST.936x+1T2019+type@asset+block@course_image.png
HST.953x,Data Analysis & Statistics,Medicine,,"Data Science, Analytics & Computer Technology",Data Science,Health Care Management ,,,Louis Agha-Mir-Salim,Leo Anthony Celi,Marie-Laure Charpignon,,,,,Graduate,MITx,English,MITx+HST.953x+3T2020,Collaborative Data Science for Healthcare,https://openlearninglibrary.mit.edu/courses/course-v1:MITx+HST.953x+3T2020/about,"Data and learning should be at the front and center of healthcare. In this course, we bring together computer scientists, health providers and social scientists collaborating to derive knowledge from data routinely collected in the process of care.",YES,,11.9,,https://openlearninglibrary.mit.edu/asset-v1:MITx+HST.953x+3T2020+type@asset+block@course_image.jpg,https://openlearninglibrary.mit.edu/asset-v1:MITx+HST.953x+3T2020+type@asset+block@course_image.jpg
INNOMITv2,Education & Teacher Training,,,Education & Teaching,Faculty Leadership,Innovation Process ,,,Justin Reich,Peter Senge,,,,,,Graduate,MITx,Spanish,Varkey+INNOMITv2+2020_T1,Cómo Introducir la Innovación en las Escuelas,https://openlearninglibrary.mit.edu/courses/course-v1:Varkey+INNOMITv2+2020_T1/about,"Cada gran maestro y cada gran escuela trabajan permanentemente para mejorar el proceso de aprendizaje de sus estudiantes. Al igual que esperamos que nuestros estudiantes se conviertan en aprendices de por vida, nosotros, como educadores, debemos aprender y mejorar de modo constante. Este curso est' destinado a l'deres escolares de todo tipo (maestros, preceptores, directores, entre otros) que est'n impulsando procesos de innovaci'n en sus escuelas.",YES,YES,13,2,https://openlearninglibrary.mit.edu/asset-v1:Varkey+INNOMITv2+2020_T1+type@asset+block@course_image.jpg,https://openlearninglibrary.mit.edu/asset-v1:Varkey+INNOMITv2+2020_T1+type@asset+block@course_image.jpg
JPAL350x,Social Sciences,Health & Safety,,Social Sciences,Policy and Administration,Economics,,,Dr. Vandana Sharma,,,,,,,Undergraduate,MITx,English,MITx+JPAL350x+3T2020,Measuring Health Outcomes in Field Surveys,https://openlearninglibrary.mit.edu/courses/course-v1:MITx+JPAL350x+3T2020/about,"Vibrations and Waves appear in many parts of physics, ranging from simple mechanical systems, to the light that we see, and even to the quantum realm.  In this course we develop a fundamental grounding in this important topic, beginning with oscillations ",YES,,11.1,5,https://openlearninglibrary.mit.edu/asset-v1:MITx+JPAL350x+3T2020+type@asset+block@course_image.jpg,https://openlearninglibrary.mit.edu/asset-v1:MITx+JPAL350x+3T2020+type@asset+block@course_image.jpg
Pre_7.01r,,,,Science & Math,Biology,Cognitive Science,Science & Math,Biology,Hazel Sive,Diviya Ray,,,,,,Undergraduate,OCW,English,OCW+Pre-7.01+1T2020,Getting up to Speed in Biology,https://openlearninglibrary.mit.edu/courses/course-v1:OCW+Pre-7.01+1T2020/about,This self-paced course was originally designed to help prepare incoming MIT students for their first Introductory Biology course (known at MIT as 7.01). It will also be useful for anyone preparing to take an equivalent college-level introductory biology class elsewhere,YES,YES,3,,https://openlearninglibrary.mit.edu/asset-v1:OCW+Pre-7.01+1T2020+type@asset+block@Picture1.png,https://openlearninglibrary.mit.edu/asset-v1:OCW+Pre-7.01+1T2020+type@asset+block@Picture1.png
VJx,Art & Culture,History,,"Art, Design & Architecture",Art History,Media Studies,,,John W. Dower,Andrew Gordon,Shigeru Miyagawa,Gennifer Weisenfeld,,,,Undergraduate,MITx,English,MITx+VJx+3T2018,"Visualizing Japan (1850s-1930s): Westernization, Protest, Modernity",https://openlearninglibrary.mit.edu/courses/course-v1:MITx+VJx+3T2018/about,"A MITx/HarvardX collaboration, this course explores Japan?s transition into the modern world through the historical visual record.",YES,,51.3,4,https://openlearninglibrary.mit.edu/asset-v1:MITx+VJx+3T2018+type@asset+block@course_image.jpg,https://openlearninglibrary.mit.edu/asset-v1:MITx+VJx+3T2018+type@asset+block@course_image.jpg
VPx,History,,,Humanities,History,Media Studies,,,Christopher Capozzola,John W. Dower,Ellen Sebring,,,,,Undergraduate,MITx,English,MITx+VPx+1T2019,"Visualizing Imperialism & the Philippines, 1898-1913",https://openlearninglibrary.mit.edu/courses/course-v1:MITx+VPx+1T2019/about,Remarkable political cartoons and photography at the turn of the 20th century reveal debates over US entry into global imperialism through the conquest and occupation of the Philippines. Historians tour this rich content drawn from MIT Visualizing Cultures.,YES,,28.3,,https://openlearninglibrary.mit.edu/asset-v1:MITx+VPx+1T2019+type@asset+block@course_image.jpg,https://openlearninglibrary.mit.edu/asset-v1:MITx+VPx+1T2019+type@asset+block@course_image.jpg
VTx,Art & Culture,History,Language,"Art, Design & Architecture",Art History,Media Studies,,,Shigeru Miyagawa,John W. Dower,James T. Ulak,,,,,Undergraduate,MITx,English,MITx+VTx+1T2019,Visualizing the Birth of Modern Tokyo,https://openlearninglibrary.mit.edu/courses/course-v1:MITx+VTx+1T2019/about,"See Tokyo in the tradition of the '100 views': 1870s, Kiyochika's gaslit scenes of the new capital, loss amidst modernization; and 1930s, Koizumi's syncopated scenes of the 'Imperial Capital.' From MIT Visualizing Cultures, with the Smithsonian Institution.",YES,,9.3,3,https://openlearninglibrary.mit.edu/asset-v1:MITx+VTx+1T2019+type@asset+block@course_image.jpg,https://openlearninglibrary.mit.edu/asset-v1:MITx+VTx+1T2019+type@asset+block@course_image.jpg
